,time_centered,nao_mode_num,per_var_nao,per_var_eap,subtrop_high_long,eap_long,max_corr_nao,max_lag_nao,max_corr_eap,max_lag_eap,cluster,total_per_var
0,1995-06-01,0,41.70994963094486,17.23893041836499,-16.75,-21.75,0.9552233205803063,-13,-0.7758465404580256,-13,1,58.94888004930985
1,1995-07-01,0,41.702203900846705,17.192909232853935,-17.0,-22.0,0.9531488169101436,-14,-0.8104966761776705,-13,1,58.89511313370064
2,1995-08-01,0,42.14261220945852,16.239287632214484,-17.0,-23.0,0.9507419058179314,-14,-0.8448249421977234,-14,1,58.381899841673004
3,1995-09-01,0,42.1026641464608,16.06284069230991,-17.0,-23.0,0.9458504172665704,-14,-0.8774944386562519,-14,1,58.165504838770715
4,1995-10-01,0,42.7900824609346,16.014430770336453,-17.25,-23.25,0.9412737744052292,-14,-0.9076690508811412,-14,1,58.80451323127105
5,1995-11-01,0,41.455336697362505,16.26009324435683,-18.5,-22.75,0.9335576507811234,-14,-0.9279051418210148,-15,1,57.715429941719336
6,1995-12-01,0,40.1213844124089,17.619847278587116,-18.0,-27.75,0.9229982491809442,-14,-0.9424061544077504,-15,1,57.74123169099602
7,1996-01-01,0,39.7895681771771,17.1743514582663,-17.0,-29.0,0.9107804292839894,-14,-0.9481272618817836,-15,1,56.9639196354434
8,1996-02-01,0,39.44543536131898,16.996566088542355,-16.5,-23.25,0.896959330486166,-14,-0.9490490093172425,-15,1,56.44200144986134
9,1996-03-01,0,39.66215323675963,17.37855178686222,-16.5,-23.5,0.8810579948037354,-14,-0.9470024601437744,-15,1,57.040705023621854
10,1996-04-01,0,36.22680025860446,18.123297029664837,-14.75,-23.25,0.8605745889028754,-14,-0.942198137177482,-15,1,54.350097288269296
11,1996-05-01,0,35.551552265879934,18.20031367072828,-14.75,-22.5,0.834324379868001,-13,-0.9345613228097628,-16,1,53.75186593660821
12,1996-06-01,0,35.46683974818879,18.1264521847987,-14.75,-23.0,0.8044915313676233,-13,-0.9302001014677596,-16,1,53.59329193298749
13,1996-07-01,0,34.19012097073267,18.64221908779662,-14.75,-24.25,0.7727588405307575,-13,-0.9263439745131968,-16,1,52.83234005852929
14,1996-08-01,0,34.227284556471574,18.567841095958983,-15.5,-25.0,0.74277294487769,-12,-0.9247253314187236,-16,1,52.795125652430556
15,1996-09-01,0,34.21607839130899,18.11173492209816,-15.25,-25.0,0.7151809718747919,-12,-0.9260090985730632,-16,1,52.32781331340715
16,1996-10-01,0,34.695548509865674,18.12015682196112,-15.5,-24.75,0.686393058005922,-12,-0.9188032878100432,-17,0,52.81570533182679
17,1996-11-01,0,34.381406430444,18.088579460625063,-15.5,-24.0,0.6501472585189548,-12,-0.8876196526872001,-17,0,52.469985891069065
18,1996-12-01,0,35.81652498551432,17.04852446150586,-16.25,-21.25,0.6065049655933352,-12,-0.8039214697389587,-17,0,52.86504944702018
19,1997-01-01,0,34.60013959129883,17.2180300188227,-16.75,-22.0,0.5614420455006361,-12,-0.6211930419852348,-17,0,51.81816961012153
20,1997-02-01,0,34.034668426016204,19.1632128783142,-17.25,-21.25,-0.5465380147832889,-18,-0.377232217791914,-17,0,53.19788130433041
21,1997-03-01,0,33.00432414591371,19.065019788356675,-17.25,-24.25,-0.680588421447407,-18,0.2536920227441058,-10,3,52.06934393427039
22,1997-04-01,0,32.99159584709812,18.729651382285187,-17.0,-22.5,-0.7088773313011205,-18,0.3533820370379358,-10,3,51.72124722938331
23,1997-05-01,0,33.18633530700571,18.648008374499582,-17.25,-24.75,-0.6958181383285388,-18,0.4300651514412538,-11,3,51.834343681505295
24,1997-06-01,0,34.14035028429435,18.430972501005503,-17.25,-24.25,-0.6798998166328094,-18,0.4770125168738645,-11,3,52.571322785299856
25,1997-07-01,0,34.37623900993144,18.783226906317495,-17.25,-24.75,-0.678682100460554,-18,0.4903618952197119,-12,3,53.159465916248934
26,1997-08-01,0,34.44698741621458,18.698241298698008,-17.25,-24.5,-0.6777648998170492,-18,-0.459178663433646,-18,3,53.14522871491259
27,1997-09-01,0,34.10344668442251,18.80294155386079,-17.25,-22.75,-0.6546212338144813,-18,0.3928870847073676,-10,0,52.9063882382833
28,1997-10-01,0,34.28453990669523,18.676308190107388,-17.25,-22.0,0.7138845282665952,-11,0.3846920666162401,-10,0,52.96084809680262
29,1997-11-01,0,34.28273127951124,19.2234080313409,-17.25,-21.25,0.7553909674829248,-10,0.3934274338803097,-10,0,53.506139310852134
30,1997-12-01,0,34.1858704510666,19.39856025865966,-17.25,-21.25,0.7912800196313627,-10,0.4139073289090874,-10,0,53.58443070972626
31,1998-01-01,0,31.333894285236713,22.323245923447452,-17.0,-21.5,0.812343703108607,-10,0.4328573798551406,-10,0,53.65714020868417
32,1998-02-01,0,34.17923911906256,20.88079349720774,-17.25,-21.25,0.8183366735625804,-10,0.4589867479019484,-11,0,55.0600326162703
33,1998-03-01,0,34.46094806981099,21.591227824522797,-17.75,-19.25,0.8174119300753779,-10,0.470420933001997,-12,0,56.052175894333786
34,1998-04-01,0,33.805749618079055,21.87410872718397,-16.5,-18.75,0.8091490020927841,-10,0.4557456005503997,-12,0,55.67985834526303
35,1998-05-01,0,33.816689887034116,21.84746413937781,-16.0,-18.75,0.8076027621756181,-10,0.432654888278682,-13,0,55.66415402641192
36,1998-06-01,0,33.62687133198671,21.84871368398479,-15.75,-18.75,0.8181704185453801,-10,0.3982429432579933,-14,0,55.475585015971504
37,1998-07-01,0,33.62993107421721,21.950359169176927,-15.75,-18.75,0.8435498691293404,-10,0.3631414006034346,-15,0,55.58029024339414
38,1998-08-01,0,33.48353577536475,22.075474452984583,-15.5,-18.75,0.8665285013622575,-10,0.3418486721697421,-15,0,55.55901022834934
39,1998-09-01,0,33.42700286827377,22.480489972129636,-15.0,-18.25,0.8824232418059121,-10,0.3808559845628247,-10,0,55.90749284040341
40,1998-10-01,0,34.769434525441426,21.964594273445588,-16.5,-17.5,0.8941499317116682,-10,0.4679499265816372,-10,0,56.73402879888701
41,1998-11-01,0,34.72426226260953,22.21667831772007,-17.25,-16.25,0.9022105381958258,-10,0.529297844397994,-10,0,56.940940580329595
42,1998-12-01,0,35.09579533133264,23.4033521102652,-17.0,-17.25,0.9068639969011586,-10,0.5649139950350974,-10,0,58.49914744159784
43,1999-01-01,0,33.60177274046612,24.486003345472657,-15.75,-18.0,0.9091359886903324,-10,0.5813789243752229,-10,2,58.08777608593877
44,1999-02-01,0,33.99361070288467,25.6533082728835,-15.25,-18.75,0.909892121829863,-10,0.5871684214441143,-10,2,59.64691897576817
45,1999-03-01,0,37.97659516437405,23.105367104287023,-18.0,-31.5,0.909152092362211,-10,0.5885650148094136,-10,2,61.08196226866107
46,1999-04-01,0,37.815075387785626,23.0216284082826,-18.25,-31.0,0.90808739160126,-10,0.5885195550145955,-10,2,60.83670379606822
47,1999-05-01,0,38.725620514411105,23.377924653859207,-18.25,-31.5,0.9068837606140576,-10,0.593320518623755,-10,2,62.103545168270315
48,1999-06-01,0,38.68918742120739,23.41789873889591,-18.25,-32.0,0.9055476253898196,-10,0.6040896443953743,-10,2,62.10708616010331
49,1999-07-01,0,38.486691214401624,23.48035751119607,-18.75,-32.0,0.9019303475192184,-10,0.6170077471884103,-10,2,61.96704872559769
50,1999-08-01,0,38.34653315183088,23.983413650226723,-18.75,-32.0,0.9012089533517836,-10,0.6261434470780153,-10,2,62.329946802057606
51,1999-09-01,0,38.36622554599699,24.1312982013197,-18.75,-32.0,0.900170504796075,-10,0.6259502823463322,-10,2,62.49752374731669
52,1999-10-01,0,37.96106574362026,25.104469646375204,-18.75,-30.25,0.8915790416092884,-10,0.6128996833242808,-10,2,63.06553538999546
53,1999-11-01,0,40.00889952770086,24.660023749656204,-18.75,-33.0,0.8670805472867952,-10,0.5889743991186347,-10,2,64.66892327735707
54,1999-12-01,0,36.56378379625194,26.475530168571876,-18.75,-24.25,0.825598387174589,-10,0.5597944782402563,-10,2,63.03931396482382
55,2000-01-01,0,36.7994600508954,27.18330544823778,-18.75,-19.75,0.7763974795141221,-10,-0.6002338773644551,-18,2,63.98276549913318
56,2000-02-01,0,36.05368897954696,27.166737658195935,-18.25,-24.0,0.7266854568888897,-10,-0.6526771774584349,-18,2,63.2204266377429
57,2000-03-01,0,36.8774910261413,26.85396139855547,-18.25,-24.0,0.6898021843202796,-10,-0.651090741894871,-18,2,63.73145242469677
58,2000-04-01,0,36.712538644567374,26.89015450481356,-18.75,-22.75,0.667976616490412,-10,-0.601353161919066,-18,2,63.60269314938093
59,2000-05-01,0,36.50137246640677,27.498640704485016,-19.25,-22.5,0.6535572591834505,-10,0.5345934574643633,-10,2,64.00001317089179
60,2000-06-01,0,36.6719538234758,27.759446559989172,-19.25,-21.0,0.6425109885203782,-10,0.5688366311116649,-10,2,64.43140038346498
61,2000-07-01,0,36.533675688422086,27.881391984170527,-18.75,-21.5,0.6321755923557242,-10,0.5984453333153337,-10,2,64.41506767259261
62,2000-08-01,0,36.49514744785856,27.95265508516655,-18.75,-21.5,0.625926113673248,-10,0.6153519894224398,-10,2,64.44780253302511
63,2000-09-01,0,35.988200925343996,27.97549531855479,-19.5,-19.25,0.6235448914927259,-10,0.6234272479680144,-10,2,63.96369624389878
64,2000-10-01,0,34.81500674848063,28.81033301528409,-20.0,-19.5,0.6254385653785168,-10,0.6295348996601021,-10,2,63.625339763764714
65,2000-11-01,1,29.661371616854805,35.237521494875864,-33.75,-17.5,0.626030915677915,-10,0.6355020572644062,-10,2,64.89889311173067
66,2000-12-01,1,28.963492461505563,35.1917638206858,-34.25,-18.5,0.613072895231261,-10,0.6407956698408581,-10,2,64.15525628219136
67,2001-01-01,1,27.29352978334852,35.62316834704205,-33.0,-18.5,0.5761888864057523,-10,0.646938413723503,-10,2,62.91669813039057
68,2001-02-01,1,27.63079936504816,35.46545306153678,-32.75,-18.25,0.5183294586173166,-10,0.6513793040975796,-10,2,63.09625242658494
69,2001-03-01,1,27.900698043931467,34.38903118463022,-32.75,-18.0,0.4495949727079426,-10,0.651630548942665,-10,2,62.28972922856168
70,2001-04-01,1,27.66411626667853,35.01680084438479,-32.25,-18.25,-0.4021682431459348,-18,-0.6473440065298307,-18,2,62.68091711106332
71,2001-05-01,1,27.98850436159881,35.19909654042356,-32.25,-18.5,-0.4538816523682222,-18,-0.6991506252985568,-18,2,63.18760090202237
72,2001-06-01,1,27.970714565348953,35.51526913007899,-32.0,-18.75,-0.509869508674382,-18,-0.7249362636429997,-18,2,63.48598369542795
73,2001-07-01,1,27.820787638109916,35.10776604683593,-31.75,-18.25,-0.5677665409374776,-18,-0.7252273884921042,-18,2,62.92855368494584
74,2001-08-01,1,28.078618018241148,35.117215219331584,-31.75,-18.0,-0.6311427860825046,-18,-0.6980676055348313,-18,2,63.19583323757273
75,2001-09-01,1,28.03288968285899,35.362090672822205,-31.5,-18.0,-0.6922655470730678,-18,0.7316658060245068,-10,2,63.3949803556812
76,2001-10-01,1,28.2811638534688,35.02246815680415,-31.0,-18.75,-0.7467153572456383,-18,0.7607890037130548,-10,2,63.30363201027295
77,2001-11-01,1,28.45901555194529,35.21568927483259,-29.75,-18.75,-0.7964731932660906,-17,0.7754812141150058,-10,2,63.674704826777884
78,2001-12-01,1,29.233123919754327,34.26065087420552,-27.75,-19.25,-0.816102761075058,-17,0.77604660334789,-10,2,63.493774793959844
79,2002-01-01,1,28.2310654129344,34.54074782371505,-32.25,-19.25,-0.8055253832505012,-17,0.7630211396439404,-10,2,62.77181323664945
80,2002-02-01,1,31.103317023528305,31.278075223442357,-32.0,-18.5,-0.7826646467781386,-18,0.7364436635909669,-10,3,62.38139224697066
81,2002-03-01,1,28.663302854442524,32.33191968904988,-28.75,-18.5,-0.7424815820716787,-18,0.6945380334094025,-10,3,60.9952225434924
82,2002-04-01,1,29.324403478865936,31.23063692818164,-31.5,-18.75,-0.6967644793616601,-18,0.6466261008097769,-10,3,60.55504040704757
83,2002-05-01,1,29.561343177850997,31.794706356136153,-31.75,-19.0,-0.6614004685778115,-18,0.594377348124254,-10,3,61.35604953398715
84,2002-06-01,1,29.489689053925456,31.94498007651586,-31.25,-18.75,-0.6510779976155622,-18,0.5426273886510479,-10,3,61.43466913044132
85,2002-07-01,1,29.545638685659593,31.97838752181158,-31.75,-19.0,-0.6671103141299478,-18,0.4941437522994094,-10,3,61.524026207471174
86,2002-08-01,1,29.3149329820226,32.15970195323726,-32.25,-18.75,-0.7007577511521987,-18,0.4520226155692402,-10,3,61.47463493525986
87,2002-09-01,1,29.33276354729903,31.93324069134038,-32.25,-19.25,-0.7375129797384709,-18,0.4184001768507494,-10,3,61.26600423863941
88,2002-10-01,1,28.90715251091264,31.547705668071053,-32.25,-20.0,-0.765996789525784,-18,0.3940055677888839,-10,3,60.45485817898369
89,2002-11-01,1,27.05098245118287,33.469863314398374,-32.0,-18.0,-0.7668511069757789,-18,0.3792887508673918,-10,3,60.52084576558124
90,2002-12-01,1,28.342247145424658,33.97826979763335,-32.75,-20.5,-0.7456242377150082,-18,0.3743291175842377,-10,3,62.32051694305801
91,2003-01-01,1,28.57595699349817,33.426993498444716,-32.0,-19.5,-0.715342611282181,-18,0.3850076119808235,-10,0,62.00295049194288
92,2003-02-01,1,27.12010705965732,37.74426739784192,-28.75,-21.5,-0.677690342927507,-18,0.451265540192018,-13,0,64.86437445749924
93,2003-03-01,1,31.09712316546621,34.90752247185664,-32.0,-21.25,-0.6230601056749282,-18,0.5537855071541685,-13,0,66.00464563732285
94,2003-04-01,1,28.00865694991438,36.80249111595416,-29.25,-22.25,-0.5355702081788292,-18,0.6412977129323951,-13,0,64.81114806586854
95,2003-05-01,1,27.533335858838768,37.38233683880685,-29.75,-23.25,-0.4111062141954243,-18,0.7037743818917483,-13,0,64.91567269764562
96,2003-06-01,1,27.577071240522667,37.31530500063624,-30.0,-23.25,-0.2995433703826902,-18,0.7516655909999032,-13,0,64.89237624115891
97,2003-07-01,1,27.61723359107848,37.30547860686874,-30.0,-23.25,-0.2535244158270178,-18,0.7844719731264204,-13,0,64.92271219794722
98,2003-08-01,1,27.772251858462077,37.318904529092194,-29.5,-23.25,0.2738077385866598,-10,0.8109641919941679,-14,0,65.09115638755426
99,2003-09-01,1,27.779220078537335,36.75388539666264,-29.5,-23.0,0.2876349644787467,-10,0.8460575224650023,-14,0,64.53310547519997
100,2003-10-01,1,27.685224075711933,36.41948662567799,-29.75,-23.0,-0.2981737980885509,-18,0.8737259170575501,-14,0,64.10471070138992
101,2003-11-01,1,27.85915441055305,35.855927774782224,-30.25,-23.5,-0.3021016448574984,-16,0.8754986686511081,-14,0,63.71508218533528
102,2003-12-01,1,27.135108107860063,36.09991782726801,-31.0,-24.0,-0.3258403850534726,-15,0.8406358478058397,-14,0,63.23502593512807
103,2004-01-01,1,27.12732110119577,34.23412099350292,-33.0,-25.5,-0.3587598404347394,-14,0.784395394571754,-14,0,61.36144209469869
104,2004-02-01,1,28.780275297352063,32.76010728476011,-29.0,-24.0,-0.3984665423170668,-14,0.736769302509998,-14,0,61.54038258211217
105,2004-03-01,0,33.80740956761715,30.146721203186573,-40.75,-23.75,-0.4478953736899548,-13,0.7244112251881402,-13,0,63.95413077080372
106,2004-04-01,0,34.42335205115428,29.900228086557835,-34.25,-24.25,-0.4943078407685795,-13,0.737615059807804,-13,0,64.32358013771211
107,2004-05-01,0,34.17091229348074,29.86363544314913,-32.75,-24.0,-0.5498051535429959,-12,0.7522733013263305,-14,0,64.03454773662986
108,2004-06-01,0,35.462786518249686,28.903196282326853,-33.75,-25.0,-0.5761446583717585,-12,0.7642656548677379,-15,0,64.36598280057655
109,2004-07-01,0,35.48661195491409,28.67853979043,-33.0,-25.5,-0.5838503486153906,-13,0.7710005537769863,-16,0,64.16515174534409
110,2004-08-01,0,35.19710446630408,28.808897377357468,-33.5,-25.5,-0.5684699934892776,-14,0.7760281935954835,-17,0,64.00600184366155
111,2004-09-01,0,34.97100192016912,29.50550832218427,-30.75,-24.5,-0.5578655895672627,-14,0.7812730618759877,-18,0,64.47651024235338
112,2004-10-01,0,36.115354263215856,29.04174416172139,-29.25,-24.75,-0.5702536515297961,-15,0.7774327806185787,-18,0,65.15709842493725
113,2004-11-01,0,35.45888402878016,29.14390524185541,-31.0,-24.5,-0.6066560063339483,-16,0.7570449598479502,-18,0,64.60278927063557
114,2004-12-01,0,38.23596244836863,26.326882473422707,-42.0,-24.5,-0.657203900187998,-16,0.7269834596050608,-18,0,64.56284492179134
115,2005-01-01,0,38.745539834739226,26.192505097753667,-42.5,-23.75,-0.7071026955381831,-17,0.6963220306736958,-18,0,64.93804493249289
116,2005-02-01,0,39.70666501607002,27.4897521391596,-40.0,-24.75,-0.7344878277658712,-16,0.6649939644549232,-18,0,67.19641715522962
117,2005-03-01,0,41.67214823698284,26.08102864967852,-33.5,-24.25,-0.719114107630908,-17,0.6316919394444284,-18,0,67.75317688666136
118,2005-04-01,0,41.57995645272356,25.933182016770072,-33.0,-24.0,-0.6573151560206206,-17,0.6066241542754667,-18,0,67.51313846949363
119,2005-05-01,0,41.84884331850991,26.15030089776942,-33.25,-24.0,-0.5669938282248873,-18,0.6008218418569939,-18,3,67.99914421627932
120,2005-06-01,0,41.9872055148895,26.05767221642756,-32.75,-24.0,-0.4900132807944164,-18,0.6148456299780862,-18,3,68.04487773131706
121,2005-07-01,0,42.498739198233565,25.15118397441652,-32.75,-24.0,-0.4216302653009954,-10,0.6440921639383606,-18,3,67.64992317265009
122,2005-08-01,0,42.55831617101079,25.162845287939778,-32.75,-24.0,-0.4322836875572552,-10,0.673758592545099,-18,3,67.72116145895056
123,2005-09-01,0,42.466542323174345,25.347534236627254,-32.75,-24.0,-0.4696046712809726,-10,0.7018246431231729,-18,3,67.8140765598016
124,2005-10-01,0,42.287588380674734,24.966166987526258,-32.0,-24.25,-0.51907759611594,-10,0.7288466789938951,-18,3,67.25375536820098
125,2005-11-01,0,42.107840026324666,26.158749123139525,-32.0,-24.25,-0.5539979177267369,-10,0.7455145018663659,-18,3,68.2665891494642
126,2005-12-01,0,43.247472490380005,25.04081693492398,-32.0,-24.5,-0.5562734573746656,-10,0.7341165064674686,-18,0,68.28828942530399
127,2006-01-01,0,43.285076884552126,24.392130089986875,-33.0,-23.5,-0.5222596467841517,-10,0.6824660778811928,-18,0,67.677206974539
128,2006-02-01,0,42.90953675631489,24.46858516289116,-31.75,-22.5,-0.4623349163752772,-10,0.5908827643695478,-18,2,67.37812191920605
129,2006-03-01,0,42.5223254560486,23.924814734122197,-30.0,-23.0,-0.3985342061668361,-10,0.4636894992492233,-18,0,66.4471401901708
130,2006-04-01,0,42.90458071521934,23.743453780170583,-28.5,-23.0,-0.3493875335179262,-10,0.3243293001005132,-18,0,66.64803449538992
131,2006-05-01,0,43.48294132438784,23.450212162306904,-27.0,-23.75,-0.3117841858023138,-10,0.213237127706242,-10,0,66.93315348669475
132,2006-06-01,0,43.70917265547074,23.421080863293092,-27.5,-24.0,-0.2846212323910764,-10,0.2213822588003532,-10,0,67.13025351876382
133,2006-07-01,0,43.80235994868942,23.43645665955677,-27.0,-23.75,-0.2693465842844862,-10,0.2279448595403625,-10,3,67.2388166082462
134,2006-08-01,0,43.34500259636616,23.882323791782134,-26.75,-23.5,-0.2626835649830948,-10,0.2267862538536111,-10,3,67.2273263881483
135,2006-09-01,0,43.467771706654496,23.70378412416014,-28.0,-23.75,-0.2638069023987692,-10,0.2203774842211588,-10,3,67.17155583081464
136,2006-10-01,0,44.32137147702036,23.21777083908369,-28.0,-23.75,-0.2700737668126936,-10,0.2198201048656927,-10,3,67.53914231610405
137,2006-11-01,0,43.71164315749381,24.59097063640362,-28.0,-24.25,-0.2758772232759648,-10,0.2303840345188119,-10,3,68.30261379389742
138,2006-12-01,0,44.88502827557298,23.35736009265867,-27.0,-25.5,-0.2785007899226733,-10,0.2545654130642177,-10,3,68.24238836823164
139,2007-01-01,0,41.56021813054571,26.42297630922335,-27.0,-24.75,-0.2845167353596327,-10,0.2955158333788236,-10,3,67.98319443976905
140,2007-02-01,0,41.73388016003216,25.838598024544947,-29.5,-23.75,-0.3022598700977558,-10,0.3540334764076094,-10,3,67.57247818457711
141,2007-03-01,0,44.5907613419148,19.956598996712312,-27.0,-23.25,-0.3341479708641215,-10,0.4255862199858092,-10,3,64.54736033862712
142,2007-04-01,0,42.57918184755257,21.57472660848133,-22.75,-22.0,-0.3767593731848163,-10,0.5041736669876961,-10,3,64.1539084560339
143,2007-05-01,0,43.832321030811485,21.238876916129005,-22.75,-22.0,0.4563741914607971,-18,0.5735664317191685,-10,3,65.07119794694049
144,2007-06-01,0,44.62912788092661,20.677562501277897,-23.25,-21.25,0.5776097654177724,-18,0.6111185285163342,-10,0,65.30669038220451
145,2007-07-01,0,45.43353471291296,20.250129588716643,-22.75,-21.0,0.6866387448917194,-17,0.6227353314174134,-10,1,65.6836643016296
146,2007-08-01,0,45.20370118261173,20.518270451943284,-22.75,-21.0,0.7534003984405259,-17,0.6199011898542022,-10,1,65.72197163455502
147,2007-09-01,0,45.45736432617113,20.420971940445583,-22.5,-21.0,0.7436720398131286,-17,0.6127074303283917,-10,1,65.87833626661671
148,2007-10-01,0,45.91243454764143,20.20149978843942,-23.5,-21.0,0.7075642392569996,-17,0.601640408345804,-10,2,66.11393433608086
149,2007-11-01,0,44.60207348405783,22.05681472302564,-23.25,-20.25,0.6704175777960263,-17,0.5898840074289196,-10,2,66.65888820708346
150,2007-12-01,0,47.97608045040106,20.142276214116382,-25.0,-19.75,0.6598029039017145,-16,0.5782842917210904,-10,2,68.11835666451744
151,2008-01-01,0,49.129600483569746,18.908229359489123,-26.75,-19.25,0.654315305237177,-16,0.5669820362179626,-10,2,68.03782984305887
152,2008-02-01,0,55.51185433738611,16.250394005462976,-26.75,-19.75,0.6329036248332658,-16,0.5577174780801819,-10,2,71.76224834284909
153,2008-03-01,0,55.49765466759516,15.918993962257924,-26.5,-20.25,0.5944754516002331,-16,0.5509485502669482,-10,2,71.41664862985309
154,2008-04-01,0,53.51889668402032,16.708315070576322,-26.5,-19.75,0.5404361268979089,-15,0.5435775363453424,-10,2,70.22721175459664
155,2008-05-01,0,53.14630669436473,17.12954480089124,-26.75,-19.5,0.4937957400652152,-15,0.5343794566776402,-10,2,70.27585149525598
156,2008-06-01,0,53.1000191104327,17.096275937792065,-26.75,-19.25,0.4350414648081044,-15,0.516613073920345,-10,2,70.19629504822475
157,2008-07-01,0,52.748486502136,17.403726549842666,-26.0,-19.25,0.3713585782510558,-15,0.4882716108111429,-10,2,70.15221305197866
158,2008-08-01,0,52.498493959473215,17.532671869969928,-26.0,-19.5,0.3380353386489363,-15,-0.525767816610886,-16,2,70.03116582944314
159,2008-09-01,0,52.455237960277515,17.408043839601632,-26.0,-19.5,0.3729951402628361,-15,-0.5919222495609368,-16,2,69.86328179987915
160,2008-10-01,0,52.46610754072789,16.598255037907887,-26.0,-19.25,0.4369575682617214,-15,-0.5656853438691914,-15,2,69.06436257863578
161,2008-11-01,0,52.157820683100375,16.564253164088413,-26.75,-20.25,0.5421899071960987,-14,-0.4779844798586611,-15,2,68.7220738471888
162,2008-12-01,0,55.32945091589653,16.6217229039593,-26.25,-20.5,0.6522038931644106,-14,0.4234461197935006,-10,2,71.95117381985582
163,2009-01-01,0,53.801564245767565,17.408011849419395,-26.25,-19.75,0.7186523773277188,-13,0.403675065428367,-10,2,71.20957609518696
164,2009-02-01,0,52.55153888584489,19.06706184630268,-26.75,-23.75,0.7623962889270176,-13,0.5873644696468878,-18,2,71.61860073214757
165,2009-03-01,0,53.305506382768066,17.762978708995593,-27.0,-22.0,0.7910118942222201,-13,0.7082035367327613,-18,2,71.06848509176366
166,2009-04-01,0,53.473648369516994,17.05058716012769,-28.0,-22.25,0.8290855294883385,-14,0.7736826459305833,-17,2,70.52423552964468
167,2009-05-01,0,53.25019677222353,17.199873485894937,-28.25,-23.0,0.859085242655889,-14,0.8141295713039227,-17,2,70.45007025811847
168,2009-06-01,0,52.99230377557951,17.390267184597604,-28.25,-23.75,0.8715596552791443,-14,0.8392230017609303,-18,2,70.3825709601771
169,2009-07-01,0,52.84937773061564,17.32576980854407,-29.0,-24.0,0.8712829659711184,-15,0.8567914587905326,-18,2,70.17514753915971
170,2009-08-01,0,52.889880982653914,17.217849398590555,-28.75,-24.0,0.8841398502196092,-15,0.8663946007579482,-18,0,70.10773038124447
171,2009-09-01,0,53.04277875934987,17.6402368121159,-28.75,-23.25,0.8927406513473297,-15,0.870507183709098,-18,0,70.68301557146577
172,2009-10-01,0,53.504302586223126,17.071535622124564,-28.25,-24.0,0.8988353539439963,-15,0.8684978583474703,-18,3,70.57583820834769
173,2009-11-01,0,53.72068834036201,17.601766172309542,-46.0,-24.25,0.8846016922915133,-15,0.853824749721043,-18,3,71.32245451267156
174,2009-12-01,0,56.01098101166142,15.920227325824069,-29.75,-26.0,0.8116638789675993,-15,0.8206797069170612,-17,3,71.93120833748549
175,2010-01-01,0,55.24731840246346,16.694518044789977,-27.75,-25.5,0.6810210734760249,-12,0.770659792256641,-17,3,71.94183644725344
176,2010-02-01,0,53.99963631351943,18.053162075568142,-25.0,-23.75,0.6539787786343062,-11,0.7145542011354288,-17,3,72.05279838908757
177,2010-03-01,0,53.83657207802754,18.17445943906861,-23.25,-22.5,0.6636851697182686,-10,0.6751490561067295,-17,0,72.01103151709614
178,2010-04-01,0,53.51564257833055,18.212249002639883,-23.25,-23.25,0.6785213337124977,-10,0.6543823553385054,-17,0,71.72789158097044
179,2010-05-01,0,53.43310259011673,18.420375266440875,-23.25,-23.5,0.6942929314803525,-10,0.6544517739291033,-16,0,71.8534778565576
180,2010-06-01,0,53.494011024132725,18.285267484209868,-23.75,-22.75,0.7077450646143847,-10,0.6659806261411122,-16,0,71.7792785083426
181,2010-07-01,0,53.554348492146474,18.329198464086737,-23.75,-22.75,0.7131608114384929,-10,0.6737962310676335,-16,0,71.8835469562332
182,2010-08-01,0,53.464159729205264,18.39541978470484,-23.75,-22.5,0.6999325660581526,-10,0.6736596909007252,-16,0,71.8595795139101
183,2010-09-01,0,53.55727867430389,18.12254944175126,-23.75,-23.0,0.6610226298602728,-10,0.6714126642144412,-16,0,71.67982811605515
184,2010-10-01,0,54.001936447958855,18.012272856655887,-23.75,-23.0,0.5996002773748216,-10,0.6766896992392306,-16,0,72.01420930461474
185,2010-11-01,0,53.21405012606664,18.08554799398036,-24.0,-22.75,0.5309721841228522,-10,0.6962624536723098,-16,0,71.299598120047
186,2010-12-01,0,53.73731721523403,16.674283979459872,-24.25,-21.75,0.4694196149808641,-10,0.7221240910273989,-16,1,70.4116011946939
187,2011-01-01,0,53.190663347456905,16.7136074156195,-23.25,-22.25,0.4220530434652073,-10,0.7404472467329181,-16,1,69.9042707630764
188,2011-02-01,0,53.84355214081744,15.688513840721011,-23.0,-22.75,0.3858682982891768,-10,0.7271079185053289,-16,1,69.53206598153845
189,2011-03-01,0,58.003289898135,14.417541367981004,-23.5,-23.0,0.363469738777731,-10,0.6963469245349162,-17,1,72.42083126611601
190,2011-04-01,0,58.31820215867712,14.217448969552128,-23.25,-22.5,0.3528416772888901,-10,0.633810596262575,-17,1,72.53565112822925
191,2011-05-01,0,57.73694246893928,14.681563472931453,-23.25,-25.0,0.3489514188188423,-10,0.5779505849648434,-18,1,72.41850594187073
192,2011-06-01,0,57.18994633035588,14.83441942511915,-23.25,-25.0,0.3473160164333312,-10,0.5135465680432164,-18,1,72.02436575547503
193,2011-07-01,0,57.11834275485589,14.79933707467874,-23.25,-25.0,0.3453657567578228,-10,0.4538283279783903,-18,1,71.91767982953462
194,2011-08-01,0,57.77296066572861,14.815959956711009,-23.25,-25.0,0.3411683314179379,-10,0.4153935492419889,-18,1,72.58892062243962
195,2011-09-01,0,58.02963390824189,14.732874108724127,-23.25,-25.0,0.332419559029405,-10,0.3991834309171929,-18,3,72.76250801696602
196,2011-10-01,0,57.62896621512444,15.010021801750458,-23.5,-25.75,0.3215870602025823,-10,0.3939255765397457,-18,3,72.6389880168749
197,2011-11-01,0,57.53236007967042,15.421747653904564,-23.0,-25.0,0.3117065320656146,-10,0.385599886459614,-18,3,72.95410773357499
198,2011-12-01,0,59.10603551048833,14.840333467617263,-23.25,-25.5,0.3011470897654841,-10,0.3627963877223595,-18,3,73.9463689781056
199,2012-01-01,0,55.93091450909691,16.37379683957488,-25.25,-22.25,-0.3286347426798832,-18,0.3164291542143971,-18,3,72.30471134867179
200,2012-02-01,0,53.10912303554956,19.855105890524875,-26.0,-17.0,-0.4383252034534183,-18,-0.3354342958595754,-10,3,72.96422892607444
201,2012-03-01,0,49.8638740718591,20.97806224579355,-32.0,-16.0,-0.5755800254915642,-18,-0.3874851919969652,-11,3,70.84193631765265
202,2012-04-01,0,49.58711985655915,21.157149535357515,-35.75,-16.0,-0.7130464835989001,-18,-0.4415236359582719,-11,3,70.74426939191666
203,2012-05-01,0,49.41023758078261,21.271395633579814,-35.75,-16.25,-0.8008864726597849,-18,-0.4817458125804975,-11,3,70.68163321436242
204,2012-06-01,0,49.57822522306996,21.30602588886902,-27.5,-16.0,-0.8410362120733982,-17,-0.5138111277411622,-11,3,70.88425111193898
205,2012-07-01,0,49.67324687120021,21.323943553496612,-27.5,-16.25,-0.8310944909466197,-17,-0.543388696074621,-11,3,70.99719042469683
206,2012-08-01,0,49.6186750419168,21.270923957242413,-27.25,-16.25,-0.8305974862763474,-16,-0.558868393307814,-11,3,70.88959899915922
207,2012-09-01,0,49.285372392424485,21.251622697303116,-36.25,-16.0,-0.8266383388846326,-16,-0.5604700400133082,-12,3,70.5369950897276
208,2012-10-01,0,49.1411100705378,21.423144312265567,-35.5,-16.0,-0.8184662779647129,-16,-0.5378856054670195,-12,3,70.56425438280337
209,2012-11-01,0,48.72898586827536,22.27164533874502,-36.75,-16.5,-0.8018392742551994,-16,-0.4811545277981521,-12,3,71.00063120702038
210,2012-12-01,0,46.86236980131843,24.203826172155416,-25.25,-18.25,-0.7739548535628895,-16,-0.4290208474428353,-13,3,71.06619597347384
211,2013-01-01,0,42.92386152470396,26.061853356570136,-24.75,-19.0,-0.734215789468348,-16,-0.4069499937193182,-13,3,68.98571488127409
212,2013-02-01,0,41.76490369122973,26.598187445593386,-23.0,-19.75,-0.6841997193328014,-16,-0.432833328808929,-14,3,68.36309113682312
213,2013-03-01,0,44.34014318517803,24.580390711328217,-22.25,-18.5,-0.6167275697115614,-16,-0.5144168255285073,-14,3,68.92053389650624
214,2013-04-01,0,44.85080406695073,24.18279105167387,-22.0,-18.25,-0.5326377835113631,-15,-0.6187239228925445,-14,3,69.0335951186246
215,2013-05-01,0,43.87407362341201,24.870189327617524,-21.75,-17.75,-0.4614554563005991,-15,-0.706639173291121,-13,1,68.74426295102953
216,2013-06-01,0,44.49794260056011,25.10155455337278,-22.25,-17.75,-0.4113778036364844,-14,-0.7670645305054966,-13,1,69.59949715393289
217,2013-07-01,0,45.18918509678151,24.599507799383225,-22.0,-17.5,-0.3864167557048873,-14,-0.7806730307561092,-13,1,69.78869289616473
218,2013-08-01,0,45.3846886827155,24.617158909971348,-21.75,-17.5,-0.3809728110015693,-13,-0.7643039189063913,-13,1,70.00184759268684
219,2013-09-01,0,44.89020483538051,25.034435979330212,-22.0,-17.5,-0.366773000933322,-13,-0.7511858433972396,-14,1,69.92464081471073
220,2013-10-01,0,45.30013267430111,23.929285021253495,-22.0,-17.0,-0.3378661807092543,-13,-0.7433389114985437,-14,1,69.2294176955546
221,2013-11-01,0,45.35774413038233,23.706197996629072,-21.5,-17.0,-0.282283132899544,-13,-0.7424318772408239,-15,1,69.0639421270114
222,2013-12-01,0,45.270185570470325,23.57578920585656,-21.0,-16.0,0.3151193579307734,-18,-0.7292460402851979,-16,1,68.84597477632688
223,2014-01-01,0,43.42347293484181,24.892269762307397,-19.75,-16.0,0.4710730506211145,-18,-0.685359607380693,-16,1,68.3157426971492
224,2014-02-01,0,42.826148609732144,24.18437950910309,-21.0,-16.0,0.59150433907106,-18,-0.5878731287592801,-16,1,67.01052811883523
225,2014-03-01,0,44.01902380474902,21.947772929469668,-22.75,-16.75,0.6585141775152553,-18,-0.4383742388338008,-16,1,65.96679673421869
226,2014-04-01,0,44.33290585749171,21.874625905795316,-23.75,-18.25,0.6911532292686637,-18,-0.3264403069988287,-18,1,66.20753176328702
227,2014-05-01,0,44.84914361536273,22.048135426665823,-24.25,-17.75,0.7107208425597062,-18,-0.2648318929142173,-18,1,66.89727904202854
228,2014-06-01,0,44.87721423114369,21.88681633704268,-23.75,-17.75,0.709405693334601,-18,0.3416712590423313,-10,1,66.76403056818637
229,2014-07-01,0,44.23586941513906,22.27605233108299,-23.75,-17.75,0.6758626874475806,-18,0.466266805050243,-10,1,66.51192174622204
230,2014-08-01,0,44.16655346768693,22.304831708133023,-24.25,-17.5,0.6197528539870883,-18,0.5729942831189124,-10,1,66.47138517581996
231,2014-09-01,0,43.90923219809938,22.289816933431343,-24.0,-17.75,0.5657749187827006,-18,0.6480968600435708,-10,1,66.19904913153073
232,2014-10-01,0,43.261736672517685,23.052861597474276,-24.0,-16.5,0.5295310059026305,-18,0.6948016881603106,-10,3,66.31459826999196
233,2014-11-01,0,41.640033910950464,24.37248835442161,-23.75,-16.75,0.5156075796807282,-17,0.7137588069157622,-10,3,66.01252226537207
234,2014-12-01,0,42.143354984901045,24.182465367293396,-22.75,-16.0,0.519947261182994,-16,0.7158233225007465,-10,3,66.32582035219444
235,2015-01-01,0,40.81777555211949,25.29253898123513,-23.0,-15.5,0.5215211640193369,-16,0.7139449466728996,-10,3,66.11031453335463
236,2015-02-01,0,41.01867752064531,25.39945921355712,-22.75,-15.5,0.5283497779058823,-15,0.7128265367788902,-10,3,66.41813673420243
237,2015-03-01,0,40.30812019921675,25.189082325568357,-22.0,-16.0,0.5199788247768519,-15,0.7132661596620853,-10,3,65.49720252478511
238,2015-04-01,1,25.641090073882733,32.44329630847075,-23.0,-15.75,0.5089832149095117,-14,0.7108845446128802,-10,3,58.084386382353486
239,2015-05-01,1,27.07984901978392,32.25192689307326,-26.75,-16.25,0.4677128407185143,-14,0.7018181433932398,-10,3,59.33177591285718
240,2015-06-01,1,27.61737789309442,32.77602724775199,-26.5,-15.25,0.4116671803601457,-14,0.6829374242716455,-10,3,60.39340514084641
241,2015-07-01,1,27.599959128705937,32.73951335468371,-26.0,-15.25,0.3630588273581659,-13,0.6697760221242555,-10,3,60.33947248338964
242,2015-08-01,1,27.70123355481869,32.869053677266166,-26.0,-15.25,-0.4396902177890073,-18,0.6774221796891451,-10,3,60.57028723208485
243,2015-09-01,1,27.455106989597876,32.888057873655555,-25.75,-15.25,-0.4650074988498784,-18,0.7041054492121027,-10,3,60.343164863253435
244,2015-10-01,1,27.459729590974703,32.7779002285222,-25.75,-15.25,-0.4701247289143279,-18,0.7309975491945007,-10,3,60.2376298194969
245,2015-11-01,1,27.436309974165106,32.9831687913252,-23.25,-16.25,-0.4909120543926625,-18,0.7413050704468785,-10,3,60.419478765490304
246,2015-12-01,1,26.985346897743952,32.58052061649879,-22.5,-16.75,-0.5322808778829206,-18,0.7266342710634756,-10,0,59.56586751424274
247,2016-01-01,1,25.85344643805118,31.54097835851698,-24.5,-16.25,-0.5787983378015991,-18,0.6931769919985654,-11,0,57.39442479656816
248,2016-02-01,1,26.779750855063096,27.97887109015611,-25.25,-17.5,-0.6185396676092157,-18,0.6312412798751011,-11,0,54.758621945219204
249,2016-03-01,0,34.79161656575436,20.32659335489543,-20.75,-21.25,-0.6404919553255838,-18,0.5625521370537672,-12,0,55.11820992064979
250,2016-04-01,0,34.048175292478895,20.990532626356615,-20.25,-21.0,-0.6396266310393888,-18,0.5612131750143085,-14,2,55.03870791883551
251,2016-05-01,0,36.55343604742776,20.307673923726497,-22.0,-20.75,-0.6212559826041006,-18,0.5808623048531653,-14,2,56.86110997115426
252,2016-06-01,0,36.53346409053027,20.24676715316748,-22.0,-20.75,-0.60062995215385,-18,0.5630147307973692,-15,2,56.780231243697756
253,2016-07-01,0,36.71421645313072,20.00603049294142,-22.5,-21.0,-0.5883380048743613,-18,0.5122527569505406,-16,2,56.72024694607214
254,2016-08-01,0,36.86348070534086,19.92501241442313,-22.25,-21.0,-0.5858115123652438,-18,0.4516527241643542,-17,2,56.78849311976399
255,2016-09-01,0,35.93954704571386,20.586160382741607,-21.75,-21.0,-0.5904397663381594,-18,0.4096427865857061,-18,2,56.52570742845546
256,2016-10-01,0,36.2945897520908,20.785492190067217,-21.75,-21.0,-0.5958133338216981,-18,0.3494931696475739,-18,2,57.08008194215802
257,2016-11-01,0,37.57618129580557,21.08058909673534,-22.0,-22.0,-0.6022925301854337,-18,0.2977683240260615,-11,2,58.656770392540906
258,2016-12-01,0,38.10949595275532,19.9821466008157,-22.5,-23.0,-0.614141326412253,-18,0.317660053660972,-12,2,58.09164255357102
259,2017-01-01,0,37.94609190429677,21.0303370419617,-22.5,-21.25,-0.620481884848136,-18,0.3287600627837597,-12,2,58.97642894625847
260,2017-02-01,0,37.19977091746521,21.888083864774135,-21.75,-21.75,-0.6181557103669956,-18,0.3313564904524779,-13,2,59.08785478223935
261,2017-03-01,0,38.74571475382874,21.2362472032838,-22.5,-21.5,-0.6032364724280217,-18,0.3279419926253349,-13,2,59.981961957112546
262,2017-04-01,0,36.116312697950306,22.30881032431705,-22.75,-21.5,-0.5886488150678266,-18,0.3856312992210974,-18,2,58.42512302226736
263,2017-05-01,0,37.39478126022899,21.541700152563415,-26.25,-21.75,-0.5722545643293943,-18,0.4860295595148882,-18,2,58.9364814127924
264,2017-06-01,0,37.53825891801378,21.700181954076665,-26.0,-22.0,-0.5387236026915989,-18,0.5625332301956077,-18,2,59.23844087209045
265,2017-07-01,0,38.11835487836916,21.46126483296222,-26.25,-22.25,-0.5089752101749341,-18,0.6029555346794359,-18,1,59.57961971133138
266,2017-08-01,0,36.832620325187285,21.931016722645655,-24.25,-22.0,-0.4929997725235263,-18,0.6180225320837316,-18,1,58.763637047832944
267,2017-09-01,0,36.75179921929877,22.08238609405557,-26.25,-22.5,-0.4717383999675287,-18,0.6094408959851442,-18,1,58.83418531335434
268,2017-10-01,0,36.92571524218046,21.91767836482173,-25.75,-22.5,-0.4197885148567969,-18,0.5845459057898401,-18,1,58.843393607002184
269,2017-11-01,0,36.85889733484759,21.76072542947485,-21.25,-22.25,-0.3189744263329639,-18,0.5465858850165731,-18,1,58.61962276432244
270,2017-12-01,0,36.48631650784322,22.9561701637412,-23.75,-22.0,0.2763023507287468,-11,0.4944741382022028,-18,1,59.44248667158442
271,2018-01-01,0,37.35350979278291,21.701313066151,-23.25,-23.0,0.3087414730954959,-11,0.4216518144585417,-18,1,59.0548228589339
272,2018-02-01,0,38.62294196978789,21.52653660453297,-26.5,-22.0,0.3527105707664076,-11,0.3199476619671996,-18,1,60.14947857432086
273,2018-03-01,0,39.43422171679859,22.017138528689976,-26.5,-22.0,0.392039650548293,-12,-0.2112936193936755,-10,1,61.451360245488566
274,2018-04-01,0,38.754373692896344,21.931019245651985,-26.5,-22.0,0.4260084475786236,-12,-0.2662175105924071,-10,1,60.68539293854833
275,2018-05-01,0,38.52015861747684,21.819841193307273,-27.0,-21.5,0.4508257625481553,-12,-0.28895993328187,-10,1,60.33999981078411
276,2018-06-01,0,38.38063178629446,21.844031269712097,-26.75,-21.75,0.4678920331781482,-13,-0.287475230839613,-10,1,60.224663056006555
277,2018-07-01,0,38.36442439816227,21.767814777044823,-27.0,-21.75,0.4796352677006865,-13,-0.2530175883492127,-10,1,60.13223917520709
278,2018-08-01,0,37.93392458484489,22.04126975268012,-26.5,-21.75,0.4979368209958661,-13,-0.1991722692002107,-10,1,59.97519433752501
279,2018-09-01,0,37.90262947385721,22.125879411584243,-26.75,-22.0,0.5237806956648772,-12,-0.1190150207029352,-10,1,60.028508885441454
280,2018-10-01,0,37.673019525092336,21.880427709603932,-26.25,-22.25,0.5638566168954862,-12,0.1216029273826827,-14,1,59.553447234696264
281,2018-11-01,0,39.84206088992262,21.119430907730464,-33.25,-23.0,0.6001922228222454,-12,0.2531895923522653,-13,1,60.96149179765308
282,2018-12-01,0,39.78680278439429,19.996172730597824,-25.5,-24.5,0.605260683632292,-13,0.4167712036980774,-13,3,59.78297551499212
283,2019-01-01,0,43.5079023429569,19.170003440887548,-43.0,-24.0,0.5631324819385098,-13,0.5760597952519425,-12,3,62.67790578384445
284,2019-02-01,0,43.80537666286987,19.611513924211778,-40.0,-26.25,0.5074290459488935,-15,0.6975077520279903,-12,3,63.416890587081646
285,2019-03-01,0,44.36459061982989,19.462079099115144,-35.5,-25.75,0.4582565615078764,-16,0.7545718039251488,-12,3,63.826669718945034
286,2019-04-01,0,44.892589024342215,20.0806517086479,-41.5,-24.75,0.4421627593551176,-18,0.7559159434177803,-13,3,64.97324073299012
287,2019-05-01,0,45.37328551933128,19.336758852373208,-41.25,-25.75,0.4394260429996257,-18,0.7411665790226953,-13,3,64.7100443717045
288,2019-06-01,0,45.59189298624202,19.176264487516907,-50.75,-25.25,0.419162922499893,-18,0.7553768895102779,-14,3,64.76815747375893
289,2019-07-01,0,45.800797665152814,18.79561097463107,-43.75,-25.0,0.4108638105597991,-18,0.8013605938727718,-15,3,64.59640863978389
290,2019-08-01,0,45.47377360915412,18.793791847815513,-51.0,-25.0,0.4256545915691886,-18,0.8384210979706357,-15,3,64.26756545696963
291,2019-09-01,0,45.280318244571625,18.667937761483273,-51.0,-25.0,0.460474602363193,-18,0.8509924175738913,-15,3,63.9482560060549
292,2019-10-01,0,45.30217003860725,18.504553524674986,-50.75,-25.5,0.4965339348708936,-18,0.8490751306326075,-15,3,63.80672356328223
293,2019-11-01,0,44.288159205180946,19.965237738167115,-43.25,-24.5,0.5248799856653446,-18,0.8420488218899925,-15,3,64.25339694334806
294,2019-12-01,0,44.38610335033009,19.22496488064841,-43.0,-26.0,0.5418358742834274,-18,0.8320122585676956,-15,3,63.6110682309785
295,2020-01-01,0,44.13199773228044,20.47903292045969,-42.0,-25.25,0.5457155239123889,-18,0.8233519059046932,-15,3,64.61103065274013
296,2020-02-01,0,45.63656345999153,20.23409998813377,-42.25,-25.75,0.5254609075986837,-18,0.8216834451604863,-15,3,65.8706634481253
297,2020-03-01,0,45.84056547753128,20.51956903055481,-40.5,-25.75,0.478923947236105,-18,0.8256643106256714,-15,3,66.36013450808609
298,2020-04-01,0,44.30021051353484,21.50506342936831,-40.0,-27.75,0.4122157006279073,-18,0.8373549114354422,-15,3,65.80527394290316
299,2020-05-01,0,44.673129448753386,20.985066016135796,-39.75,-28.5,0.3216347756531434,-18,0.8546851861648367,-15,3,65.65819546488919
300,2020-06-01,0,42.49813829079054,21.827879125076773,-40.0,-28.25,-0.3112895375177001,-13,0.868420211017719,-15,3,64.32601741586731
301,2020-07-01,0,42.52560968425821,22.051628620701138,-40.0,-28.0,-0.3716345613953952,-13,0.8781173670914902,-15,3,64.57723830495934
